{
    "Random Forest": {
        "accuracy": 0.9624657138732496,
        "precision": 0.973816601875143,
        "recall": 0.9392368769298632,
        "f1": 0.9562142135399124
    },
    "KNN": {
        "accuracy": 0.747221019200231,
        "precision": 0.7287993282955499,
        "recall": 0.6700485222761359,
        "f1": 0.6981901752370009
    },
    "SVC": {
        "accuracy": 0.6601222270343102,
        "precision": 0.6753542067517929,
        "recall": 0.4257829730921923,
        "f1": 0.5222861007778153
    },
    "XGBoost": {
        "accuracy": 0.9618401424378038,
        "precision": 0.9697967525831724,
        "recall": 0.9418835465372739,
        "f1": 0.9556363636363636
    }
}